LAD13CD,LAD13CDO,LAD13NM,FLUOCC,C_LAT,C_LON,TOTALOCC,RATE
E06000001,00EB,Hartlepool,4,54.66907783248424,-1.2555945783073263,474,"0,8438818565"
E06000002,00EC,Middlesbrough,6,54.54249662909459,-1.2224229412258902,635,"0,944881889763779"
E06000003,00EE,Redcar and Cleveland,1,54.55360622876774,-1.0215968822098835,92,"1,08695652173913"
E06000004,00EF,Stockton-on-Tees,0,54.562788285265185,-1.328922502118829,97,0
E06000005,00EH,Darlington,53,54.54871784714588,-1.5526170625148816,493,"10,7505070993915"
E06000006,00ET,Halton,7,53.343737423785555,-2.7188265427416556,502,"1,39442231075697"
E06000007,00EU,Warrington,9,53.39881098540071,-2.563627675785714,1299,"0,69284064665127"
E06000008,00EX,Blackburn with Darwen,27,53.69264024924484,-2.4675960223756506,676,"3,99408284023669"
E06000009,00EY,Blackpool,13,53.81767847799673,-3.0355540896891138,1510,"0,860927152317881"
E06000010,00FA,"Kingston upon Hull, City of",0,53.75990091321988,-0.3353122846465146,1,0
E06000011,00FB,East Riding of Yorkshire,9,53.86794063956978,-0.48258576384462315,764,"1,17801047120419"
E06000012,00FC,North East Lincolnshire,98,53.54402220411897,-0.13282959220588628,651,"15,0537634408602"
E06000013,00FD,North Lincolnshire,6,53.59390858705892,-0.5924873756448673,637,"0,941915227629513"
E06000014,00FF,York,23,53.95874406385558,-1.0614417793813247,2108,"1,09108159392789"
E06000015,00FK,Derby,35,52.91252863391713,-1.4683446138162826,1839,"1,90320826536161"
E06000016,00FN,Leicester,22,52.63789243269908,-1.1284776485874835,2970,"0,740740740740741"
E06000017,00FP,Rutland,2,52.66072350082689,-0.6546330464571739,241,"0,829875518672199"
E06000018,00FY,Nottingham,32,52.96057837577447,-1.1765149292269335,4204,"0,761179828734539"
E06000019,00GA,"Herefordshire, County of",0,52.103647301523054,-2.7451472669712924,0,0
E06000020,00GF,Telford and Wrekin,9,52.73019873630263,-2.488806844077484,805,"1,11801242236025"
E06000021,00GL,Stoke-on-Trent,49,53.018027042581814,-2.1645632696837867,185,"26,4864864864865"
E06000022,00HA,Bath and North East Somerset,18,51.35591921041648,-2.4752282710331093,1807,"0,996126175982291"
E06000023,00HB,"Bristol, City of",0,51.45260448662056,-2.770617330864899,3,0
E06000024,00HC,North Somerset,31,51.389143887995836,-2.800904771940647,246,"12,6016260162602"
E06000025,00HD,South Gloucestershire,102,51.54682008537281,-2.470638453958533,5630,"1,81172291296625"
E06000026,00HG,Plymouth,13,50.39171317786327,-4.1200047024848745,1867,"0,696304231387252"
E06000027,00HH,Torbay,36,50.44056118888096,-3.530251924961115,545,"6,60550458715596"
E06000028,00HN,Bournemouth,10,50.74177196677018,-1.8579023717790815,1703,"0,587199060481503"
E06000029,00HP,Poole,10,50.74027622962839,-1.9651498773326868,460,"2,17391304347826"
E06000030,00HX,Swindon,17,51.57150792040659,-1.7438272057355628,1037,"1,63934426229508"
E06000031,00JA,Peterborough,61,52.60849280733797,-0.25306702026655803,1281,"4,76190476190476"
E06000032,00KA,Luton,11,51.89418079735336,-0.42558421285085957,926,"1,18790496760259"
E06000033,00KF,Southend-on-Sea,0,51.537985966865556,0.728739267871777,217,0
E06000034,00KG,Thurrock,1,51.50592331591072,0.37315052351855554,157,"0,636942675159236"
E06000035,00LC,Medway,1,51.42569283211873,0.5695618902266575,398,"0,251256281407035"
E06000036,00MA,Bracknell Forest,1,51.40807522289603,-0.7397029005844478,282,"0,354609929078014"
E06000037,00MB,West Berkshire,1,51.449536022028894,-1.304511703935989,403,"0,248138957816377"
E06000038,00MC,Reading,8,51.45293036962382,-0.9838241367102338,1819,"0,439802089059923"
E06000039,00MD,Slough,27,51.5083433584201,-0.5862473957968009,337,"8,01186943620178"
E06000040,00ME,Windsor and Maidenhead,1,51.48563075541568,-0.6995510046091936,192,"0,520833333333333"
E06000041,00MF,Wokingham,1,51.42939530679121,-0.8838144864979526,225,"0,444444444444444"
E06000042,00MG,Milton Keynes,1,52.08381276654589,-0.7335061723839543,211,"0,4739336492891"
E06000043,00ML,Brighton and Hove,24,50.84341020208259,-0.13311131403884946,4148,"0,578592092574735"
E06000044,00MR,Portsmouth,11,50.820420954549604 ,-1.0784478804672832,1557,"0,706486833654464"
E06000045,00MS,Southampton,16,50.91693422836057 ,-1.3987318074347999,2846,"0,5621925509487"
E06000046,00MW,Isle of Wight,3,50.67589578896197 ,-1.2962152253167063,138,"2,17391304347826"
E06000047,00EJ,County Durham,0,54.69545286886702,-1.839521410876305,52,0
E06000049,00EQ,Cheshire East,3,53.18040123109164,-2.3493682209320883,718,"0,417827298050139"
E06000050,00EW,Cheshire West and Chester,14,53.20018421935642,-2.735827443089389,1228,"1,1400651465798"
E06000051,00GG,Shropshire,6,52.635382929127516,-2.7341681782446208,777,"0,772200772200772"
E06000052,00HE,Cornwall,54,50.40587171879491,-4.824973701917558,1104,"4,89130434782609"
E06000053,00HF,Isles of Scilly,1,49.936794446651106,-6.317324040655305,158,"0,632911392405063"
E06000054,00HY,Wiltshire,7,51.297583395793595,-1.94470537091065,472,"1,48305084745763"
E06000055,00KB,Bedford,5,52.18918673758161,-0.47708044894250407,732,"0,683060109289617"
E06000056,00KC,Central Bedfordshire,4,52.006654158743004,-0.43598832203279814,214,"1,86915887850467"
E06000057,00EM,Northumberland,2,55.24255638953757,-2.0653509110167976,172,"1,16279069767442"
E07000004,11UB,Aylesbury Vale,4,51.892219224144704,-0.8854390207437771,348,"1,14942528735632"
E07000005,11UC,Chiltern,14,51.68047762606698,-0.6277748519996483,119,"11,7647058823529"
E07000006,11UE,South Bucks,7,51.55633370216273,-0.5900409927884362,201,"3,48258706467662"
E07000007,11UF,Wycombe,0,51.649203631278525,-0.8152465718353052,122,0
E07000008,12UB,Cambridge,12,52.199333256091606,0.1329492045266066,2320,"0,517241379310345"
E07000009,12UC,East Cambridgeshire,1,52.3430157812221,0.2946339646433247,218,"0,458715596330275"
E07000010,12UD,Fenland,4,52.562899520940434,0.060841122746925894,220,"1,81818181818182"
E07000011,12UE,Huntingdonshire,3,52.37369595998625,-0.220746391680654,153,"1,96078431372549"
E07000012,12UG,South Cambridgeshire,0,52.17279617910222,0.08126268008375373,19,0
E07000026,16UB,Allerdale,1,54.711466027433055,-3.247455740705238,208,"0,480769230769231"
E07000027,16UC,Barrow-in-Furness,4,54.12661516490039,-3.212343305902556,114,"3,50877192982456"
E07000028,16UD,Carlisle,8,54.97102588413543,-2.808577618010778,1181,"0,677392040643522"
E07000029,16UE,Copeland,1,54.41407876286318,-3.373471464439956,168,"0,595238095238095"
E07000030,16UF,Eden,1,54.612945080909945,-2.622137969104719,93,"1,0752688172043"
E07000031,16UG,South Lakeland,0,54.292752148974216,-2.849957963131177,267,0
E07000032,17UB,Amber Valley,1,53.02924076494262,-1.4666173715338393,96,"1,04166666666667"
E07000033,17UC,Bolsover,0,53.21568582889749,-1.2772293399984505,16,0
E07000034,17UD,Chesterfield,0,53.25626590470525,-1.4012106436545173,72,0
E07000035,17UF,Derbyshire Dales,0,53.128448364529355,-1.6936379658655674,114,0
E07000036,17UG,Erewash,0,52.935480079960094,-1.34673005775777,37,0
E07000037,17UH,High Peak,0,53.373058058815,-1.87390245144882,154,0
E07000038,17UJ,North East Derbyshire,9,53.22588443875539,-1.4483053525720069,653,"1,37825421133231"
E07000039,17UK,South Derbyshire,4,52.831017463610145,-1.5595357487153418,136,"2,94117647058823"
E07000040,18UB,East Devon,1,50.76415218642701,-3.2244369232618593,294,"0,340136054421769"
E07000041,18UC,Exeter,17,50.7215756634327,-3.5102322746572634,1324,"1,28398791540786"
E07000042,18UD,Mid Devon,1,50.87616879433075,-3.556223342517098,114,"0,87719298245614"
E07000043,18UE,North Devon,4,51.06980841380437,-3.9149095969269205,314,"1,27388535031847"
E07000044,18UG,South Hams,0,50.37396496424281,-3.823060268914164,69,0
E07000045,18UH,Teignbridge,1,50.606311965737,-3.65648831168084,196,"0,510204081632653"
E07000046,18UK,Torridge,0,50.88744072513195,-4.250773568181947,126,0
E07000047,18UL,West Devon,48,50.65619432849985,-4.046158127521429,140,"34,2857142857143"
E07000048,19UC,Christchurch,3,50.76148146890825,-1.7883257868900169,119,"2,52100840336134"
E07000049,19UD,East Dorset,0,50.86366526049482,-1.9615423921476842,34,0
E07000050,19UE,North Dorset,0,50.91248671310313,-2.246385603810662,43,0
E07000051,19UG,Purbeck,2,50.68159019144584,-2.1312589516697127,72,"2,77777777777778"
E07000052,19UH,West Dorset,1,50.7844627023445,-2.5784797624249443,61,"1,63934426229508"
E07000053,19UJ,Weymouth and Portland,1,50.6094812171559,-2.4553798628828343,428,"0,233644859813084"
E07000061,21UC,Eastbourne,7,50.77603526310248,0.2662361847346582,521,"1,34357005758157"
E07000062,21UD,Hastings,2,50.8692691892806,0.5703992922994398,321,"0,623052959501558"
E07000063,21UF,Lewes,50,50.88209850082865,0.004989088140662217,179,"27,9329608938547"
E07000064,21UG,Rother,0,50.951512204479144,0.539299322309435,189,0
E07000065,21UH,Wealden,3,50.967447729782066,0.19854675866972615,177,"1,69491525423729"
E07000066,22UB,Basildon,6,51.5900857051688,0.46630362019199967,463,"1,29589632829374"
E07000067,22UC,Braintree,1,51.941895317154156,0.5899225792588424,160,"0,625"
E07000068,22UD,Brentwood,21,51.63859909237973,0.3107799312577096,647,"3,24574961360124"
E07000069,22UE,Castle Point,1,51.536364483714515,0.5947161814383987,125,"0,8"
E07000070,22UF,Chelmsford,17,51.72542919041293,0.4808855013996978,1302,"1,30568356374808"
E07000071,22UG,Colchester,259,51.87253122837605,0.8609051434595005,1235,"20,9716599190283"
E07000072,22UH,Epping Forest,0,51.708836053456956,0.14876160808671077,73,0
E07000073,22UJ,Harlow,5,51.76830067305255,0.10857071726723459,294,"1,70068027210884"
E07000074,22UK,Maldon,3,51.70966942551047,0.7831767507881877,198,"1,51515151515152"
E07000075,22UL,Rochford,44,51.59131771045217,0.809534061277242,61,"72,1311475409836"
E07000076,22UN,Tendring,94,51.8713886041578,1.1150940490483126,223,"42,152466367713"
E07000077,22UQ,Uttlesford,2,51.934655711542504,0.27974641530562644,232,"0,862068965517241"
E07000078,23UB,Cheltenham,7,51.89696065080143,-2.074044816155511,873,"0,801832760595647"
E07000079,23UC,Cotswold,1,51.81663772500411,-1.8924275031865443,173,"0,578034682080925"
E07000080,23UD,Forest of Dean,1,51.82841277527464,-2.4898120942111577,119,"0,840336134453782"
E07000081,23UE,Gloucester,9,51.84933388155073,-2.2402760292108677,867,"1,03806228373702"
E07000082,23UF,Stroud,3,51.72924834054955,-2.300072656120393,256,"1,171875"
E07000083,23UG,Tewkesbury,0,51.94556792843988,-2.0873343467098633,222,0
E07000084,24UB,Basingstoke and Deane,5,51.27340466252832,-1.2009886356797614,584,"0,856164383561644"
E07000085,24UC,East Hampshire,2,51.074599474626964,-0.9550683716968535,81,"2,46913580246914"
E07000086,24UD,Eastleigh,1,50.93299184050038,-1.3272294487240544,171,"0,584795321637427"
E07000087,24UE,Fareham,1,50.85259951721703,-1.2246708323378739,335,"0,298507462686567"
E07000088,24UF,Gosport,2,50.80519459524044,-1.1593794592450974,324,"0,617283950617284"
E07000089,24UG,Hart,2,51.28478324225611,-0.8974566942916297,198,"1,01010101010101"
E07000090,24UH,Havant,0,50.83824224898536,-0.9894191231645897,87,0
E07000091,24UJ,New Forest,0,50.858338467576424,-1.6249136620767521,57,0
E07000092,24UL,Rushmoor,3,51.273395156906496,-0.7674765608487341,503,"0,596421471172962"
E07000093,24UN,Test Valley,2,51.128563346804164,-1.510649909998276,549,"0,364298724954463"
E07000094,24UP,Winchester,1,51.02821131686522,-1.2212318785825929,363,"0,275482093663912"
E07000095,26UB,Broxbourne,3,51.72506853610904,-0.047337394561975436,315,"0,952380952380952"
E07000096,26UC,Dacorum,0,51.77814122369392,-0.5409030999804436,223,0
E07000098,26UE,Hertsmere,0,51.677233021464296,-0.2810786111163503,119,0
E07000099,26UF,North Hertfordshire,11,51.95905978777408,-0.19249744496742494,640,"1,71875"
E07000102,26UJ,Three Rivers,1,51.66093303924954,-0.46057582377379036,114,"0,87719298245614"
E07000103,26UK,Watford,3,51.66806142929197,-0.4033622717976791,510,"0,588235294117647"
E07000105,29UB,Ashford,3,51.12526469473167,0.8114541623559313,421,"0,712589073634204"
E07000106,29UC,Canterbury,10,51.28382337557635,1.101666005189286,834,"1,19904076738609"
E07000107,29UD,Dartford,2,51.43139633562336,0.25318678652523613,201,"0,99502487562189"
E07000108,29UE,Dover,208,51.21228892376349,1.2893092400407977,810,"25,679012345679"
E07000109,29UG,Gravesham,0,51.40508482105971,0.3950403212741568,258,0
E07000110,29UH,Maidstone,1,51.23494885017828,0.5806170702310988,315,"0,317460317460317"
E07000111,29UK,Sevenoaks,0,51.27544653257266,0.17211869618242973,132,0
E07000112,29UL,Shepway,2,51.05374202696008,0.9941944418526365,318,"0,628930817610063"
E07000113,29UM,Swale,1,51.34163611907232,0.8132043029904239,148,"0,675675675675676"
E07000114,29UN,Thanet,239,51.3544299361921,1.3407220974576832,671,"35,618479880775"
E07000115,29UP,Tonbridge and Malling,2,51.273576868753075,0.3579474558092878,117,"1,70940170940171"
E07000116,29UQ,Tunbridge Wells,1,51.11431789635391,0.430706593894368,86,"1,16279069767442"
E07000117,30UD,Burnley,3,53.778931763718056,-2.2219551189955884,651,"0,460829493087558"
E07000118,30UE,Chorley,2,53.66147860322284,-2.647877026835241,301,"0,664451827242525"
E07000119,30UF,Fylde,0,53.78394276094411,-2.92288243643623,43,0
E07000120,30UG,Hyndburn,2,53.75865065456577,-2.3898029288962728,227,"0,881057268722467"
E07000121,30UH,Lancaster,12,54.06902999423789,-2.7147470894319716,1531,"0,783801436969301"
E07000122,30UJ,Pendle,53,53.86550314489748,-2.1849322573481067,346,"15,3179190751445"
E07000123,30UK,Preston,1,53.811812960301665,-2.6976459937819866,121,"0,826446280991735"
E07000124,30UL,Ribble Valley,1,53.90728543343416,-2.44470448248998,62,"1,61290322580645"
E07000125,30UM,Rossendale,0,53.69381362636665,-2.267315545209135,39,0
E07000126,30UN,South Ribble,13,53.72812182375336,-2.71023424493773,1674,"0,776583034647551"
E07000127,30UP,West Lancashire,1,53.60963177126401,-2.8826159457806533,176,"0,568181818181818"
E07000128,30UQ,Wyre,0,53.90295643971159,-2.853995767279022,12,0
E07000129,31UB,Blaby,1,52.571489267905896,-1.2219424624516144,28,"3,57142857142857"
E07000130,31UC,Charnwood,7,52.736988834306686,-1.1461659094967112,353,"1,98300283286119"
E07000131,31UD,Harborough,0,52.539299898061365,-1.007881356867951,33,0
E07000132,31UE,Hinckley and Bosworth,1,52.61646746509378,-1.391027486894377,269,"0,371747211895911"
E07000133,31UG,Melton,0,52.796430099587354,-0.8561351863201906,18,0
E07000134,31UH,North West Leicestershire,1,52.753126049274414,-1.405007634973666,175,"0,571428571428571"
E07000135,31UJ,Oadby and Wigston,1,52.5871092538787,-1.0933946398002528,15,"6,66666666666667"
E07000136,32UB,Boston,7,52.97413072701893,-0.022235364481463037,585,"1,1965811965812"
E07000137,32UC,East Lindsey,2,53.249625094946516,0.030274656939328393,551,"0,362976406533575"
E07000138,32UD,Lincoln,13,53.22471159412275,-0.5549205358013894,1186,"1,09612141652614"
E07000139,32UE,North Kesteven,0,53.081159824795186,-0.4461355823752978,80,0
E07000140,32UF,South Holland,2,52.79754526425464,-0.03215929098815302,98,"2,04081632653061"
E07000141,32UG,South Kesteven,2,52.85442251589921,-0.5182384244658645,361,"0,554016620498615"
E07000142,32UH,West Lindsey,0,53.39281102630558,-0.4769437744050478,3,0
E07000143,33UB,Breckland,0,52.58809814259513,0.8373285940030913,23,0
E07000144,33UC,Broadland,0,52.70116047325135,1.3102566281624821,15,0
E07000145,33UD,Great Yarmouth,2,52.64065518500931,1.6613556144881652,166,"1,20481927710843"
E07000146,33UE,King's Lynn and West Norfolk,1,52.72709367546739,0.471075369306163,219,"0,45662100456621"
E07000147,33UF,North Norfolk,1,52.85033556751977,1.16953220967784,127,"0,78740157480315"
E07000148,33UG,Norwich,12,52.63179655972743,1.2828454546977588,2542,"0,4720692368214"
E07000149,33UH,South Norfolk,33,52.51453849508987,1.2760192090391786,57,"57,8947368421053"
E07000150,34UB,Corby,3,52.499041063915335,-0.6959006504509383,271,"1,1070110701107"
E07000151,34UC,Daventry,0,52.316016564327576,-1.048037418619173,112,0
E07000152,34UD,East Northamptonshire,2,52.457664775232594,-0.52341165484076,34,"5,88235294117647"
E07000153,34UE,Kettering,73,52.42612732524138,-0.7654848461025134,264,"27,6515151515151"
E07000154,34UF,Northampton,15,52.241216607348306,-0.886891405534405,1397,"1,07372942018611"
E07000155,34UG,South Northamptonshire,0,52.122592123654265,-1.0426483013135457,48,0
E07000156,34UH,Wellingborough,3,52.28777518188118,-0.7123359542228564,273,"1,0989010989011"
E07000163,36UB,Craven,0,54.07989366866851,-2.1745966301734803,59,0
E07000164,36UC,Hambleton,0,54.28707738799743,-1.3192269974644428,131,0
E07000165,36UD,Harrogate,2,54.06715576886682,-1.5958131937955111,507,"0,394477317554241"
E07000166,36UE,Richmondshire,14,54.36152451583006,-1.9340518414136652,72,"19,4444444444444"
E07000167,36UF,Ryedale,0,54.210596451390366,-0.8522625079805445,46,0
E07000168,36UG,Scarborough,5,54.36651752465954,-0.6354470778709318,455,"1,0989010989011"
E07000169,36UH,Selby,1,53.787118586909045,-1.1346988260408437,356,"0,280898876404494"
E07000170,37UB,Ashfield,0,53.09226912649409,-1.259164646911011,44,0
E07000171,37UC,Bassetlaw,3,53.33280738084643,-0.9588655170709625,355,"0,845070422535211"
E07000172,37UD,Broxtowe,2,52.97644154565124,-1.2621237699686907,196,"1,02040816326531"
E07000173,37UE,Gedling,0,53.02837598704626,-1.1193597989264303,69,0
E07000174,37UF,Mansfield,0,53.17071449972463,-1.172760224865671,312,0
E07000175,37UG,Newark and Sherwood,1,53.12397405768439,-0.9197363655262909,49,"2,04081632653061"
E07000176,37UJ,Rushcliffe,0,52.90083439706981,-1.0375263828850196,36,0
E07000177,38UB,Cherwell,6,51.95886825567989,-1.2758677666929006,427,"1,40515222482436"
E07000178,38UC,Oxford,39,51.75454504081736,-1.2409794203993676,2992,"1,30347593582888"
E07000179,38UD,South Oxfordshire,1,51.63381251487764,-1.0714941987077247,160,"0,625"
E07000180,38UE,Vale of White Horse,1,51.634185452584155,-1.4416119185850418,108,"0,925925925925926"
E07000181,38UF,West Oxfordshire,1,51.83761826460301,-1.506867386385122,254,"0,393700787401575"
E07000187,40UB,Mendip,4,51.20283658910439,-2.5445701762409083,558,"0,716845878136201"
E07000188,40UC,Sedgemoor,0,51.18471895526066,-2.9525905178167573,141,0
E07000189,40UD,South Somerset,5,50.988051292466594,-2.709567708764955,251,"1,99203187250996"
E07000190,40UE,Taunton Deane,6,51.010455911091945,-3.1572697276580537,389,"1,54241645244216"
E07000191,40UF,West Somerset,0,51.13369726496965,-3.4904714410631272,115,0
E07000192,41UB,Cannock Chase,5,52.712377281129974,-1.9802267319652176,599,"0,834724540901502"
E07000193,41UC,East Staffordshire,0,52.86332449957506,-1.8122867745141436,55,0
E07000194,41UD,Lichfield,4,52.68817276784541,-1.8049732120917732,308,"1,2987012987013"
E07000195,41UE,Newcastle-under-Lyme,0,52.99315950617131,-2.318776625641044,184,0
E07000196,41UF,South Staffordshire,1,52.625545031444915,-2.1766764342661253,150,"0,666666666666667"
E07000197,41UG,Stafford,7,52.848153676272794,-2.1765062052487343,590,"1,1864406779661"
E07000198,41UH,Staffordshire Moorlands,0,53.07936721287981,-1.9812622790131647,184,0
E07000199,41UK,Tamworth,4,52.62640517237155,-1.6778523329934416,448,"0,892857142857143"
E07000200,42UB,Babergh,1,52.050500471699884,0.9153333073429912,131,"0,763358778625954"
E07000201,42UC,Forest Heath,1,52.354780785770366,0.5316155852843365,57,"1,75438596491228"
E07000202,42UD,Ipswich,53,52.055835456583296,1.159819068193517,1255,"4,22310756972112"
E07000203,42UE,Mid Suffolk,209,52.246830480867104,1.0926190410996255,388,"53,8659793814433"
E07000204,42UF,St Edmundsbury,2,52.23344937782408,0.674471301706253,116,"1,72413793103448"
E07000205,42UG,Suffolk Coastal,1,52.16284266669614,1.41204908019012,118,"0,847457627118644"
E07000206,42UH,Waveney,8,52.419334901147934,1.5846498720606887,566,"1,41342756183746"
E07000207,43UB,Elmbridge,1,51.35708446938806,-0.3921499602647351,169,"0,591715976331361"
E07000208,43UC,Epsom and Ewell,3,51.33911651275762,-0.26143050604992474,259,"1,15830115830116"
E07000209,43UD,Guildford,17,51.24772498009555,-0.5616267981527736,612,"2,77777777777778"
E07000210,43UE,Mole Valley,0,51.21225726227628,-0.3251026176844485,72,0
E07000211,43UF,Reigate and Banstead,3,51.25318329670105,-0.1918526819943616,207,"1,44927536231884"
E07000212,43UG,Runnymede,3,51.39374111987767,-0.5413182548859016,161,"1,86335403726708"
E07000213,43UH,Spelthorne,3,51.424753294605324,-0.4679901948905848,450,"0,666666666666667"
E07000214,43UJ,Surrey Heath,2,51.342872657706074,-0.6705150190746159,156,"1,28205128205128"
E07000215,43UK,Tandridge,0,51.22701691323894,-0.04338162331166384,18,0
E07000216,43UL,Waverley,2,51.149743996081185,-0.6327218906906404,127,"1,5748031496063"
E07000217,43UM,Woking,0,51.31382149804919,-0.5607480518892857,354,0
E07000218,44UB,North Warwickshire,1,52.547504869850464,-1.6280342839273596,47,"2,12765957446808"
E07000219,44UC,Nuneaton and Bedworth,4,52.50110645220385,-1.47587364661961,248,"1,61290322580645"
E07000220,44UD,Rugby,1,52.384403666564154,-1.328343674752251,323,"0,309597523219814"
E07000221,44UE,Stratford-on-Avon,0,52.178774460295614,-1.6229636398087712,41,0
E07000222,44UF,Warwick,2,52.30997064877424,-1.584688951183669,344,"0,581395348837209"
E07000223,45UB,Adur,0,50.84440947383846,-0.29859190924619944,14,0
E07000224,45UC,Arun,0,50.840886399903205,-0.5679129432522191,111,0
E07000225,45UD,Chichester,1,50.93758789107297,-0.7419755446915086,430,"0,232558139534884"
E07000226,45UE,Crawley,3,51.12541546769542,-0.18201465854197038,489,"0,613496932515337"
E07000227,45UF,Horsham,8,50.99377076357239,-0.3662645451056464,307,"2,60586319218241"
E07000228,45UG,Mid Sussex,193,51.02085969142035,-0.12692151586334519,237,"81,4345991561182"
E07000229,45UH,Worthing,11,50.829140395001886,-0.3958023082982101,499,"2,20440881763527"
E07000234,47UB,Bromsgrove,3,52.36172814810461,-2.0160494754936127,261,"1,14942528735632"
E07000235,47UC,Malvern Hills,3,52.18292076479958,-2.345041647573652,842,"0,356294536817102"
E07000236,47UD,Redditch,5,52.28225923733289,-1.9518493202123133,361,"1,38504155124654"
E07000237,47UE,Worcester,6,52.19666103763948,-2.211338784519296,1331,"0,450788880540947"
E07000238,47UF,Wychavon,49,52.16427362310778,-2.051074900674663,125,"39,2"
E07000239,47UG,Wyre Forest,4,52.379542059973396,-2.2746638276496993,249,"1,60642570281124"
E07000240,26UG,St Albans,3,51.77204485720741,-0.3424751719191811,854,"0,351288056206089"
E07000241,26UL,Welwyn Hatfield,1,51.76687479850212,-0.1941000410009392,335,"0,298507462686567"
E07000242,26UD,East Hertfordshire,0,51.86505371334906,-0.008197154835440815,83,0
E07000243,26UH,Stevenage,1,51.90429316318348,-0.18932628094571588,361,"0,277008310249307"
E08000001,00BL,Bolton,20,53.57862688133243,-2.466987047078448,1566,"1,27713920817369"
E08000002,00BM,Bury,5,53.58786138840759,-2.3125878750166606,537,"0,931098696461825"
E08000003,00BN,Manchester,141,53.45152927853347,-2.232483957492278,16386,"0,860490662760893"
E08000004,00BP,Oldham,4,53.551876030285044,-2.0506501805122013,507,"0,788954635108481"
E08000005,00BQ,Rochdale,2,53.61655699260054,-2.157838305193517,461,"0,433839479392625"
E08000006,00BR,Salford,6,53.4895338503966,-2.3701738101454186,826,"0,726392251815981"
E08000007,00BS,Stockport,6,53.393949796792285,-2.1281031028215973,1232,"0,487012987012987"
E08000008,00BT,Tameside,4,53.477468466610325,-2.0628097628058546,333,"1,2012012012012"
E08000009,00BU,Trafford,1,53.41899998230484,-2.3553493139043358,542,"0,18450184501845"
E08000010,00BW,Wigan,5,53.524147717024334,-2.5895924920921662,1117,"0,44762757385855"
E08000011,00BX,Knowsley,1,53.42512533735749,-2.8340999052828306,177,"0,564971751412429"
E08000012,00BY,Liverpool,53,53.395473088693144,-2.9170730253928783,7255,"0,73053066850448"
E08000013,00BZ,St. Helens,0,53.45947721908549,-2.723657722020376,56,0
E08000014,00CA,Sefton,5,53.56530314160833,-3.016229285015407,339,"1,47492625368732"
E08000015,00CB,Wirral,53,53.36931758317277,-3.092446411011381,468,"11,3247863247863"
E08000016,00CC,Barnsley,100,53.53581924960558,-1.5325138526953104,829,"12,0627261761158"
E08000017,00CE,Doncaster,18,53.54433452384291,-1.095677876727208,1402,"1,28388017118402"
E08000018,00CF,Rotherham,2,53.408643602750054,-1.28624817008049,687,"0,291120815138282"
E08000019,00CG,Sheffield,65,53.40441510137114,-1.5504993690932867,5337,"1,21791268502904"
E08000021,00CJ,Newcastle upon Tyne,63,55.00770092819051,-1.6578254858297587,6315,"0,997624703087886"
E08000022,00CK,North Tyneside,0,55.028133499552716,-1.5171080363828977,466,0
E08000023,00CL,South Tyneside,50,54.963579972782355,-1.44417532543805,220,"22,7272727272727"
E08000024,00CM,Sunderland,32,54.88043308720118,-1.4519297577813979,2708,"1,18168389955687"
E08000025,00CN,Birmingham,60,52.48856511776392,-1.8747234415792158,7258,"0,826674014880132"
E08000026,00CQ,Coventry,12,52.41683859650487,-1.5197551259527067,2029,"0,59142434696895"
E08000027,00CR,Dudley,13,52.482838341192746,-2.1087591338153246,608,"2,13815789473684"
E08000028,00CS,Sandwell,1,52.515410333487836,-2.008972617982868,218,"0,458715596330275"
E08000029,00CT,Solihull,3,52.4130934407959,-1.7270799146300786,705,"0,425531914893617"
E08000030,00CU,Walsall,2,52.59923342542808,-1.9663526010323886,743,"0,269179004037685"
E08000031,00CW,Wolverhampton,8,52.58916903247684,-2.121007126471379,1213,"0,659521846661171"
E08000032,00CX,Bradford,11,53.84470098816906,-1.8547320899396407,1383,"0,795372378886479"
E08000033,00CY,Calderdale,51,53.7211768077611,-1.9734583598481672,855,"5,96491228070175"
E08000034,00CZ,Kirklees,10,53.62737644626667,-1.7632028546853293,1998,"0,500500500500501"
E08000035,00DA,Leeds,58,53.825763999812615,-1.506019226804518,7593,"0,763861451336758"
E08000036,00DB,Wakefield,7,53.66065753975017,-1.411795772136364,1643,"0,426049908703591"
E08000037,00CH,Gateshead,5,54.93537127844615,-1.6829010255173795,728,"0,686813186813187"
E09000001,00AA,City of London,8,51.51436016422593,-0.09241769181744867,2721,"0,294009555310548"
E09000002,00AB,Barking and Dagenham,0,51.54390621925141,0.13319493655164036,68,0
E09000003,00AC,Barnet,1,51.61597588484802,-0.20999840063711683,235,"0,425531914893617"
E09000004,00AD,Bexley,1,51.460824356445755,0.14238316544076868,150,"0,666666666666667"
E09000005,00AE,Brent,1,51.55850386975393,-0.26780343844589716,388,"0,257731958762887"
E09000006,00AF,Bromley,48,51.37194246828392,0.05154643569535417,150,32
E09000007,00AG,Camden,5,51.54634166661319,-0.15740429530650427,686,"0,728862973760933"
E09000008,00AH,Croydon,0,51.35527790771046,-0.08713708980478407,148,0
E09000009,00AJ,Ealing,420,51.522422059176996,-0.3310105984062704,65338,"0,642811227769445"
E09000010,00AK,Enfield,0,51.65094459354251,-0.08725031798764353,80,0
E09000011,00AL,Greenwich,0,51.47437703856844,0.05556965239821843,130,0
E09000012,00AM,Hackney,2,51.55221374669158,-0.0632949673082854,472,"0,423728813559322"
E09000013,00AN,Hammersmith and Fulham,2,51.49495664166269,-0.22077120107151174,492,"0,40650406504065"
E09000014,00AP,Haringey,0,51.59032016213735,-0.1074490465114636,203,0
E09000015,00AQ,Harrow,1,51.597671351687545,-0.341250721274605,145,"0,689655172413793"
E09000016,00AR,Havering,3,51.563067539738334,0.2204463871196752,686,"0,43731778425656"
E09000017,00AS,Hillingdon,1,51.54146096108173,-0.445643991255779,135,"0,740740740740741"
E09000018,00AT,Hounslow,0,51.46844081114051,-0.3661196629990689,142,0
E09000019,00AU,Islington,1,51.5484337597073,-0.11023047416968426,652,"0,153374233128834"
E09000020,00AW,Kensington and Chelsea,2,51.501152942605444,-0.19220108483869264,624,"0,32051282051282"
E09000021,00AX,Kingston upon Thames,4,51.38785037066463,-0.28688465718270645,134,"2,98507462686567"
E09000022,00AY,Lambeth,4,51.45378410956681,-0.11828942562943036,938,"0,426439232409382"
E09000023,00AZ,Lewisham,2,51.44822874373839,-0.020268301385005346,201,"0,99502487562189"
E09000024,00BA,Merton,0,51.40989415656793,-0.19723439544242466,137,0
E09000025,00BB,Newham,1,51.52683618097027,0.03756011055086072,257,"0,389105058365759"
E09000026,00BC,Redbridge,0,51.585605019884426,0.07588773838640321,221,0
E09000027,00BD,Richmond upon Thames,2,51.44269406273873,-0.3123341458556327,414,"0,483091787439613"
E09000028,00BE,Southwark,1,51.47418426770027,-0.07403443173528812,227,"0,440528634361234"
E09000029,00BF,Sutton,0,51.362033710888255,-0.1775552432860304,104,0
E09000030,00BG,Tower Hamlets,2,51.515687169175585,-0.03463999651847128,476,"0,420168067226891"
E09000031,00BH,Waltham Forest,0,51.59398066450649,-0.01261767533816666,222,0
E09000032,00BJ,Wandsworth,0,51.45191900404548,-0.1861727428980895,232,0
E09000033,00BK,Westminster,28,51.51339070127847,-0.16044802112544615,5517,"0,507522204096429"
S12000005,00QF,Clackmannanshire,5,56.150526873791655,-3.742224252066296,667,"0,749625187406297"
S12000006,00QH,Dumfries and Galloway,5,55.070630721751506,-3.9568237840262066,229,"2,18340611353712"
S12000008,00QK,East Ayrshire,4,55.48539532649407,-4.314383304312137,591,"0,676818950930626"
S12000010,00QM,East Lothian,2,55.94203431100567,-2.7208668924654797,177,"1,12994350282486"
S12000011,00QN,East Renfrewshire,6,55.75318583068386,-4.359620672554105,608,"0,986842105263158"
S12000013,00RJ,Eilean Siar,53,57.91138959632681,-6.867792198688965,285,"18,5964912280702"
S12000014,00QQ,Falkirk,6,55.997382754361574,-3.7906767649548656,732,"0,819672131147541"
S12000015,00QR,Fife,11,56.22919717922279,-3.1236128512238373,1174,"0,936967632027257"
S12000017,00QT,Highland,9,57.579179532105705,-4.761325863856384,828,"1,08695652173913"
S12000018,00QU,Inverclyde,0,55.90445860042221,-4.742733743769722,272,0
S12000019,00QW,Midlothian,2,55.83225712526032,-3.1103983421920316,337,"0,593471810089021"
S12000020,00QX,Moray,4,57.47599823721504,-3.267186347947081,508,"0,78740157480315"
S12000021,00QY,North Ayrshire,9,55.650571997931074,-4.979551187301945,849,"1,06007067137809"
S12000023,00RA,Orkney Islands,99,59.02968117794038,-3.0350761282252194,280,"35,3571428571429"
S12000024,00RB,Perth and Kinross,1,56.56590709088829,-3.819911206605548,106,"0,943396226415094"
S12000026,00QE,Scottish Borders,5,55.57651070934067,-2.787726864868426,447,"1,11856823266219"
S12000027,00RD,Shetland Islands,0,60.39636553403721,-1.2525174331323803,148,0
S12000028,00RE,South Ayrshire,22,55.26879227343175,-4.6886352905029245,2399,"0,917048770320967"
S12000029,00RF,South Lanarkshire,0,55.612873921188566,-3.8110641101716953,171,0
S12000030,00RG,Stirling,1,56.24436560843082,-4.341023472290615,40,"2,5"
S12000033,00QA,Aberdeen City,60,57.15586167616574,-2.1735868650051824,2066,"2,90416263310745"
S12000034,00QB,Aberdeenshire,5,57.241965304182536,-2.6292338498533607,107,"4,67289719626168"
S12000035,00QD,Argyll and Bute,0,56.12361133884895,-5.501565836056191,94,0
S12000036,00QP,City of Edinburgh,121,55.92657526455772,-3.2883809685487484,8850,"1,36723163841808"
S12000038,00RC,Renfrewshire,5,55.84786565885073,-4.542792002363529,742,"0,673854447439353"
S12000039,00QG,West Dunbartonshire,1,55.98496247746459,-4.5177200507390936,112,"0,892857142857143"
S12000040,00RH,West Lothian,2,55.88507244989754,-3.5737940497251355,276,"0,72463768115942"
S12000041,00QC,Angus,1,56.72408459835614,-2.9177439113118293,194,"0,515463917525773"
S12000042,00QJ,Dundee City,62,56.47724363986981,-2.969542648405357,1927,"3,21743642968345"
S12000044,00QZ,North Lanarkshire,9,55.874873794062,-3.948430273362755,725,"1,24137931034483"
S12000045,00QL,East Dunbartonshire,0,55.95607680515709,-4.225590058705449,76,0
S12000046,00QS,Glasgow City,64,55.857939634486804,-4.253084184284961,9957,"0,642763884704228"
W06000001,00NA,Isle of Anglesey,146,53.28572113469285,-4.374457402733256,3240,"4,50617283950617"
W06000002,00NC,Gwynedd,2,52.894844276656556,-4.024659121651271,174,"1,14942528735632"
W06000003,00NE,Conwy,49,53.14095399936228,-3.7365180048464066,274,"17,8832116788321"
W06000004,00NG,Denbighshire,1,53.09214548809804,-3.354299102542915,44,"2,27272727272727"
W06000005,00NJ,Flintshire,19,53.21789548561857,-3.1633583072285814,359,"5,2924791086351"
W06000006,00NL,Wrexham,5,52.990246520380396,-3.0177299632972057,814,"0,614250614250614"
W06000008,00NQ,Ceredigion,39,52.25592780889503,-4.072237537233121,315,"12,3809523809524"
W06000009,00NS,Pembrokeshire,99,51.85376003070739,-4.887163029922334,1093,"9,0576395242452"
W06000010,00NU,Carmarthenshire,0,51.89973736788154,-4.162748102385893,192,0
W06000011,00NX,Swansea,14,51.64156286494865,-4.061252397244013,1885,"0,742705570291777"
W06000012,00NZ,Neath Port Talbot,2,51.679724871155564,-3.7434553321455146,206,"0,970873786407767"
W06000013,00PB,Bridgend,2,51.55576410345991,-3.600446025897962,552,"0,36231884057971"
W06000014,00PD,Vale of Glamorgan,0,51.44470418464034,-3.399217592841341,62,0
W06000015,00PT,Cardiff,52,51.50838036284868,-3.19958429415843,5893,"0,88240285083998"
W06000016,00PF,Rhondda Cynon Taf,1712,51.65039217243412,-3.4357390500577587,1898,"90,200210748156"
W06000018,00PK,Caerphilly,0,51.65328275655254,-3.2050051036899836,34,0
W06000019,00PL,Blaenau Gwent,2,51.766708282780215,-3.1938998983632123,93,"2,1505376344086"
W06000020,00PM,Torfaen,2,51.698590132791765,-3.0535065846712124,244,"0,819672131147541"
W06000021,00PP,Monmouthshire,3,51.75792886350193,-2.867601174685146,124,"2,41935483870968"
W06000022,00PR,Newport,9,51.57362550300939,-2.961931778323002,1014,"0,887573964497041"
W06000023,00NN,Powys,9,52.32559069799245,-3.4097965108865154,124,"7,25806451612903"
W06000024,00PH,Merthyr Tydfil,24,51.74093468243875,-3.36115776132874,249,"9,63855421686747"
