1,Aberaeron,52.242793,-4.258161900000005
2,Aberdare,51.716154,-3.451816000000008
3,Aberdeen,57.149717,-2.094278000000031
4,Aberfeldy,56.621752,-3.86696900000004
5,Abergavenny,51.825366,-3.0194229999999607
6,Abergele,53.284355,-3.581405000000018
7,Abertillery,51.732161,-3.1353689999999688
8,Aberystwyth,52.41530299999999,-4.082920000000058
9,Abingdon,51.67078,-1.2879528999999366
10,Accrington,53.753609,-2.3721800000000712
11,Adlington,53.611055,-2.6063649999999825
12,Airdrie,55.866267,-3.962566000000038
13,Alcester,52.215311,-1.867605000000026
14,Aldeburgh,52.155357,1.6004460000000336
15,Aldershot,51.248366,-0.7557509000000664
16,Aldridge,52.6110324,-1.9142056000000593
17,Alford,53.263271,0.18335899999999583
18,Alfreton,53.09744999999999,-1.382255999999984
19,Alloa,56.114073,-3.7918959999999515
20,Alnwick,55.412744,-1.7062989999999445
21,Alsager,53.095402,-2.30465700000002
22,Alston,54.812167,-2.438684999999964
23,Amesbury,51.1679201,-1.7629782999999861
24,Amlwch,53.410658,-4.345692999999983
25,Ammanford,51.792888,-3.9884590000000344
26,Ampthill,52.0272503,-0.4951416999999765
27,Andover,51.2111975,-1.4919233000000531
28,Annan,54.990246,-3.2597729999999956
29,Antrim,54.7195338,-6.2072498
30,Appleby in Westmorland,54.578302,-2.4896139999999605
31,Arbroath,56.559107,-2.5915430000000015
32,Armagh,54.3502798,-6.652791999999977
33,Arundel,50.855171,-0.5551189999999906
34,Ashbourne,53.016626,-1.7321789999999737
35,Ashburton,50.515772,-3.7513950000000023
36,Ashby de la Zouch,52.749212,-1.4686179999999922
37,Ashford,51.1464659,0.8750190000000657
38,Ashington,55.182978,-1.5659828999999945
39,Ashton in Makerfield,53.4869569,-2.642565999999988
40,Atherstone,52.576614,-1.5437630000000127
41,Auchtermuchty,56.292291,-3.236091999999985
42,Axminster,50.78272699999999,-2.9949369999999362
43,Aylesbury,51.815606,-0.808400000000006
44,Aylsham,52.796672,1.2523519999999735
45,Ayr,55.458564,-4.629179000000022
46,Bacup,53.707167,-2.2012589999999363
47,Bakewell,53.215207,-1.6761710000000676
48,Bala,52.909911,-3.6015840000000026
49,Ballater,57.05003,-3.0366490000000113
50,Ballycastle,55.2052888,-6.2532946999999695
51,Ballyclare,54.75291439999999,-6.001522099999988
52,Ballymena,54.8652935,-6.280221299999994
53,Ballymoney,55.0704888,-6.517370799999981
54,Ballynahinch,54.4028842,-5.8974313999999595
55,Banbridge,54.348729,-6.270480300000031
56,Banbury,52.0629009,-1.3397750000000315
57,Banchory,57.053856,-2.4909599999999728
58,Banff,57.666505,-2.5240380000000187
59,Bangor,53.22739,-4.129263000000037
60,Barmouth,52.722873,-4.056091899999956
61,Barnard Castle,54.545284,-1.9237410000000637
62,Barnet,51.6569225,-0.1949251999999433
63,Barnoldswick,53.91301499999999,-2.1869179999999915
64,Barnsley,53.55263,-1.4797260000000279
65,Barnstaple,51.0781599,-4.058338000000049
66,Barrhead,55.79671099999999,-4.397713999999951
67,Barrow in Furness,54.108967,-3.2188939999999775
68,Barry,56.9808838,-7.456795899999975
69,Barton upon Humber,53.686675,-0.443367999999964
70,Basildon,51.57608399999999,0.48873600000001716
71,Basingstoke,51.26654,-1.0923963999999842
72,Bath,51.375801,-2.359903900000063
73,Bathgate,55.9024,-3.6431179999999586
74,Batley,53.717028,-1.6350830000000087
75,Battle,50.917405,0.48367899999993824
76,Bawtry,53.43125,-1.0185149999999794
77,Beaconsfield,51.602396,-0.6442408999999998
78,Bearsden,55.92169,-4.335524999999961
79,Beaumaris,53.265865,-4.09199000000001
80,Bebington,53.3530146,-3.0075315000000273
81,Beccles,52.459333,1.5660530000000108
82,Bedale,54.2887008,-1.5933178999999882
83,Bedford,52.1359729,-0.46665459999996983
84,Bedlington,55.131664,-1.599454000000037
85,Bedworth,52.481392,-1.4688690000000406
86,Beeston,52.92392,-1.2123940000000175
87,Bellshill,55.816761,-4.026535999999965
88,Belper,53.0243899,-1.4776160000000118
89,Berkhamsted,51.75976600000001,-0.567856900000038
90,Berwick upon Tweed,55.770242,-2.0053950000000214
91,Betws y Coed,53.0930858,-3.801035400000046
92,Beverley,53.841963,-0.4350930000000517
93,Bewdley,52.375539,-2.3169729999999618
94,Bexhill on Sea,50.8499062,0.46620710000001964
95,Bicester,51.899603,-1.1535899000000427
96,Biddulph,53.119197,-2.171607999999992
97,Bideford,51.016684,-4.206666000000041
98,Biggar,55.623396,-3.523963999999978
99,Biggleswade,52.086938,-0.264220000000023
100,Billericay,51.627903,0.4183970000000272
101,Bilston,52.56559499999999,-2.0740879999999606
102,Bingham,52.951088,-0.9561439999999948
103,Birkenhead,53.38999099999999,-3.023009000000002
104,Birmingham,52.48624299999999,-1.8904009999999971
105,Bishop Auckland,54.663822,-1.6787879999999404
106,Blackburn,53.748575,-2.487528999999995
107,Blackheath,51.206182,-0.5277690000000348
108,Blackpool,53.8175053,-3.035674800000038
109,Blaenau Ffestiniog,52.998337,-3.9448939999999766
110,Blandford Forum,50.856908,-2.165352999999982
111,Bletchley,52.002175,-0.7501369999999952
112,Bloxwich,52.6165017,-1.99760660000004
113,Blyth,55.126957,-1.5102769999999737
114,Bodmin,50.46863,-4.715113999999971
115,Bognor Regis,50.782998,-0.6730609999999615
116,Bollington,53.29669999999999,-2.096651999999949
117,Bolsover,53.231044,-1.2897209000000203
118,Bolton,53.57686469999999,-2.4282192000000578
119,Bootle,53.44325500000001,-2.9988949999999477
120,Borehamwood,51.657728,-0.2723080000000664
121,Boston,52.97893999999999,-0.02657699999997476
122,Bourne,52.76859899999999,-0.3784620000000132
123,Bournemouth,50.719164,-1.8807689999999866
124,Brackley,52.027411,-1.1431519999999864
125,Bracknell,51.41604,-0.7539799999999559
126,Bradford on Avon,51.345178,-2.25250189999997
127,Bradford,53.795984,-1.7593980000000329
128,Brading,50.679825,-1.1445399000000407
129,Bradley Stoke,51.532291,-2.5462119999999686
130,Bradninch,50.828878,-3.4182100000000446
131,Braintree,51.880087,0.5509269000000359
132,Brechin,56.73334200000001,-2.6552888999999595
133,Brecon,51.9489469,-3.3914629999999306
134,Brentwood,51.620475,0.30717490000006364
135,Bridge of Allan,56.153149,-3.942207999999937
136,Bridgend,51.504286,-3.5769450000000234
137,Bridgnorth,52.53445499999999,-2.42454900000007
138,Bridgwater,51.127889,-3.0036320000000387
139,Bridlington,54.08535,-0.1988020000000006
140,Bridport,50.7335769,-2.7583009999999604
141,Brigg,53.55184999999999,-0.4918870000000197
142,Brighouse,53.699729,-1.7825010000000248
143,Brightlingsea,51.816142,1.021398999999974
144,Brighton,50.82253000000001,-0.13716299999998682
145,Bristol,51.454513,-2.5879099999999653
146,Brixham,50.39514,-3.5139239999999745
147,Broadstairs,51.360163,1.4320380000000341
148,Bromsgrove,52.335589,-2.0619060000000218
149,Bromyard,52.190713,-2.5087200000000394
150,Brynmawr,51.795089,-3.175561000000016
151,Buckfastleigh,50.481799,-3.7793420000000424
152,Buckie,57.67739199999999,-2.967310999999995
153,Buckingham,51.999326,-0.9876449999999295
154,Buckley,53.17005,-3.0814878999999564
155,Bude,50.826636,-4.543678
156,Budleigh Salterton,50.630998,-3.3202139999999645
157,Builth Wells,52.150023,-3.4045919999999796
158,Bungay,52.455457,1.4439760000000206
159,Buntingford,51.946217,-0.018547000000012304
160,Burford,51.807083,-1.636790000000019
161,Burgess Hill,50.954469,-0.1287009999999782
162,Burnham on Crouch,51.628347,0.8145389999999679
163,Burnham on Sea,51.240139,-2.9938580000000456
164,Burnley,53.7892877,-2.2405034999999316
165,Burntisland,56.058809,-3.2339150000000245
166,Burntwood,52.679936,-1.92178100000001
167,Burry Port,51.683466,-4.25610000000006
168,Burton Latimer,52.365906,-0.6782080000000406
169,Bury,53.5933498,-2.296605399999976
170,Bushmills,55.20506,-6.52346
171,Buxton,53.259082,-1.914829999999938
172,Caernarfon,53.139551,-4.273910999999998
173,Caerphilly,51.578829,-3.2181339999999636
174,Caistor,53.497485,-0.31539299999997183
175,Caldicot,51.591518,-2.7508679999999686
176,Callander,56.245059,-4.211663000000044
177,Calne,51.43933,-2.003883999999971
178,Camberley,51.3353899,-0.7428559999999607
179,Camborne,50.21277,-5.294774899999993
180,Cambridge,52.205337,0.12181699999996454
181,Camelford,50.622055,-4.682364000000007
182,Campbeltown,55.424117,-5.605373999999983
183,Cannock,52.69994080000001,-2.021829300000036
184,Canterbury,51.280233,1.0789088999999876
185,Cardiff,51.48158100000001,-3.1790899999999738
186,Cardigan,52.083703,-4.660863999999947
187,Carlisle,54.892473,-2.9329310000000532
188,Carluke,55.735435,-3.8365519999999833
189,Carmarthen,51.85762,-4.312131000000022
190,Carnforth,54.127363,-2.7681119999999737
191,Carnoustie,56.502565,-2.7032500000000255
192,Carrickfergus,54.7261871,-5.81012069999997
193,Carterton,51.759712,-1.5931239999999889
194,Castle Douglas,54.940415,-3.931414000000018
195,Castlederg,54.7097899,-7.593671399999948
196,Castleford,53.72346599999999,-1.3459679999999707
197,Castlewellan,54.2579967,-5.941821900000036
198,Chard,50.8697919,-2.9633159999999634
199,Charlbury,51.8745,-1.4797519999999622
200,Chatham,51.380952,0.522130000000061
201,Chatteris,52.45610199999999,0.054012000000057014
202,Chelmsford,51.7355868,0.4685497000000396
203,Cheltenham,51.8993855,-2.0782533000000285
204,Chepstow,51.641856,-2.6738040000000183
205,Chesham,51.709401,-0.6123330000000351
206,Cheshunt,51.69988799999999,-0.028485999999929845
207,Chester le Street,54.8591161,-1.5740888000000268
208,Chester,53.193392,-2.8930749999999534
209,Chesterfield,53.235048,-1.421628999999939
210,Chichester,50.83761000000001,-0.7749360000000252
211,Chippenham,51.461514,-2.1195156999999654
212,Chipping Campden,52.04965499999999,-1.7832210999999916
213,Chipping Norton,51.943544,-1.5421890000000076
214,Chipping Sodbury,51.5351659,-2.39093790000004
215,Chorley,53.653511,-2.632596000000035
216,Christchurch,50.735777,-1.7785860000000184
217,Church Stretton,52.540698,-2.803484000000026
218,Cinderford,51.825303,-2.500957900000003
219,Cirencester,51.718495,-1.9682430000000295
220,Clacton on Sea,51.789534,1.1530350000000453
221,Cleckheaton,53.723048,-1.7075250000000324
222,Cleethorpes,53.557378,-0.02943500000003496
223,Clevedon,51.442108,-2.8561959999999544
224,Clitheroe,53.871098,-2.3930829999999332
225,Clogher,54.4143,-7.164520000000039
226,Clydebank,55.900099,-4.404773999999975
227,Coalisland,54.5403238,-6.702247499999999
228,Coalville,52.724569,-1.36771090000002
229,Coatbridge,55.862241,-4.01933699999995
230,Cockermouth,54.663261,-3.367984999999976
231,Coggeshall,51.870799,0.6926809999999932
232,Colchester,51.895927,0.8918740000000298
233,Coldstream,55.65132000000001,-2.253398999999945
234,Coleraine,55.1325802,-6.66461019999997
235,Coleshill,52.499599,-1.706495000000018
236,Colne,53.85564,-2.1769910000000436
237,Colwyn Bay,53.29318199999999,-3.727640000000065
238,Comber,54.5504547,-5.745675099999971
239,Congleton,53.162856,-2.218923000000018
240,Conwy,53.282872,-3.8294799999999896
241,Cookstown,54.6418158,-6.7443894000000455
242,Corbridge,54.97404599999999,-2.0175050000000283
243,Corby,52.49229829999999,-0.6842332999999599
244,Coventry,52.406822,-1.519692999999961
245,Cowbridge,51.46209,-3.4495809999999665
246,Cowdenbeath,56.114407,-3.3418480000000272
247,Cowes,50.76278500000001,-1.300532999999973
248,Craigavon,54.4429264,-6.417565299999978
249,Cramlington,55.086136,-1.5807999999999538
250,Crawley,51.1091401,-0.18722750000006272
251,Crayford,51.453003,0.1790969999999561
252,Crediton,50.792592,-3.651495000000068
253,Crewe,53.10040499999999,-2.4438208999999915
254,Crewkerne,50.8830079,-2.7958770000000186
255,Criccieth,52.919565,-4.233645000000024
256,Crickhowell,51.856479,-3.1355100000000675
257,Crieff,56.37654999999999,-3.8419939999999997
258,Cromarty,57.680609,-4.034677999999985
259,Cromer,52.931448,1.3018660000000182
260,Crowborough,51.06085299999999,0.16589399999998022
261,Crowthorne,51.36690100000001,-0.7953529999999773
262,Crumlin,54.6231751,-6.21410190000006
263,Cuckfield,51.005813,-0.14363600000001497
264,Cullen,57.691635,-2.8219369999999344
265,Cullompton,50.85522899999999,-3.391701000000012
266,Cumbernauld,55.945668,-3.992533999999978
267,Cupar,56.320235,-3.010136999999986
268,Cwmbran,51.6496546,-3.0317889000000378
269,Dalbeattie,54.934219,-3.8225270000000364
270,Dalkeith,55.89311799999999,-3.066605999999979
271,Darlington,54.52361,-1.5594579999999496
272,Dartford,51.44621,0.21687199999996665
273,Dartmouth,50.352517,-3.5788069999999834
274,Darwen,53.695451,-2.4687400000000252
275,Daventry,52.257473,-1.1649469999999837
276,Dawlish,50.582285,-3.4644020000000637
277,Deal,51.222491,1.40166099999999
278,Denbigh,53.183906,-3.4250019999999495
279,Denton,53.455203,-2.114612999999963
280,Derby,52.9225301,-1.4746185999999852
281,Dereham,52.68161800000001,0.9378269999999702
282,Devizes,51.3489069,-1.994827999999984
283,Dewsbury,53.689833,-1.629694900000004
284,Didcot,51.60804400000001,-1.2448400000000674
285,Dingwall,57.595347,-4.428410999999983
286,Dinnington,53.372587,-1.2030680000000302
287,Diss,52.37649099999999,1.1083939999999757
288,Dolgellau,52.74215,-3.884400000000028
289,Donaghadee,54.6425555,-5.537599499999942
290,Doncaster,53.52282,-1.1284620000000132
291,Dorchester,50.7111639,-2.4411810000000287
292,Dorking,51.232202,-0.33237800000006246
293,Dornoch,57.87907,-4.028025999999954
294,Dover,51.1278758,1.3134026999999833
295,Downham Market,52.606612,0.3854719999999361
296,Downpatrick,54.32875139999999,-5.715692200000035
297,Driffield,54.005996,-0.443377000000055
298,Dronfield,53.30227900000001,-1.4679590000000644
299,Droylsden,53.480784,-2.148716000000036
300,Dudley,52.512255,-2.081111999999962
301,Dufftown,57.443623,-3.128379999999993
302,Dukinfield,53.478764,-2.094522999999981
303,Dumbarton,55.945287,-4.564554000000044
304,Dumfries,55.070859,-3.6051199999999426
305,Dunbar,56.002087,-2.5167370000000346
306,Dunblane,56.183877,-3.967448999999988
307,Dundee,56.462018,-2.970721000000026
308,Dunfermline,56.071741,-3.452150999999958
309,Dungannon,54.5082725,-6.7669352000000345
310,Dunoon,55.950973,-4.926213999999959
311,Duns,55.777794,-2.343460999999934
312,Dunstable,51.885644,-0.5203900000000203
313,Durham,54.77525,-1.5848519999999553
314,Dursley,51.678768,-2.3505179999999655
315,Easingwold,54.12144079999999,-1.1918739999999843
316,East Grinstead,51.128742,-0.014467999999965286
317,East Kilbride,55.76435240000001,-4.1769987999999785
318,Eastbourne,50.768035,0.2904720000000225
319,Eastleigh,50.967182,-1.374687999999992
320,Eastwood,53.01811499999999,-1.3085439999999835
321,Ebbw Vale,51.777532,-3.206150999999977
322,Edenbridge,51.196259,0.06545099999993909
323,Edinburgh,55.953252,-3.188266999999996
324,Egham,51.428825,-0.5478759999999738
325,Elgin,57.64945400000001,-3.3184850000000097
326,Ellesmere Port,53.279812,-2.8974040000000514
327,Ellesmere,52.906718,-2.9003380000000334
328,Ely,52.399539,0.2623630000000503
329,Enniskillen,54.34382429999999,-7.631533600000012
330,Epping,51.700328,0.10865499999999884
331,Epsom,51.336036,-0.2673819999999978
332,Erith,51.480818,0.17467499999997926
333,Esher,51.369487,-0.36592700000005607
334,Evesham,52.09214900000001,-1.946770000000015
335,Exeter,50.718412,-3.5338990000000194
336,Exmouth,50.619957,-3.4137020000000575
337,Eye,52.319605,1.146208999999999
338,Eyemouth,55.869058,-2.09106799999995
339,Failsworth,53.508131,-2.164444000000003
340,Fairford,51.70753699999999,-1.7851349999999684
341,Fakenham,52.831333,0.8493240000000242
342,Falkirk,56.00187750000001,-3.7839131000000634
343,Falkland,56.256285,-3.206429000000071
344,Falmouth,50.15257099999999,-5.066270000000031
345,Fareham,50.8548464,-1.1865867999999864
346,Faringdon,51.658477,-1.584679000000051
347,Farnborough,51.2868939,-0.7526149999999916
348,Farnham,51.214321,-0.7988020000000233
349,Farnworth,53.545838,-2.4039599999999837
350,Faversham,51.315994,0.8893580000000156
351,Felixstowe,51.961726,1.3512550000000374
352,Ferndown,50.807364,-1.8997759999999744
353,Filey,54.210076,-0.29059400000005553
354,Fintona,54.4967772,-7.3146074999999655
355,Fishguard,51.993927,-4.975989000000027
356,Fivemiletown,54.3775293,-7.317595100000062
357,Fleet,51.277283,-0.8426550000000361
358,Fleetwood,53.916661,-3.0356729999999743
359,Flint,53.1668658,-3.1418908000000556
360,Flitwick,52.004605,-0.4979452999999694
361,Folkestone,51.081397,1.1694559999999683
362,Fordingbridge,50.9258359,-1.7925259999999525
363,Forfar,56.643558,-2.889061999999967
364,Forres,57.60979099999999,-3.6199799999999414
365,Fort William,56.81981700000001,-5.105218000000036
366,Fowey,50.33499,-4.636525000000006
367,Framlingham,52.222147,1.3421049999999468
368,Fraserburgh,57.693352,-2.0076309999999467
369,Frodsham,53.2967045,-2.7245642999999973
370,Frome,51.230751,-2.320096000000035
371,Gainsborough,53.400575,-0.7744649999999638
372,Galashiels,55.623728,-2.814448999999968
373,Gateshead,54.95268,-1.603411000000051
374,Gillingham,51.386322,0.5514379999999619
375,Glasgow,55.864237,-4.251805999999988
376,Glastonbury,51.147427,-2.718454000000065
377,Glossop,53.4433284,-1.9489069999999629
378,Gloucester,51.8642449,-2.2381560000000036
379,Godalming,51.18573199999999,-0.6128079999999727
380,Godmanchester,52.319427,-0.17516599999999016
381,Goole,53.702941,-0.8763810000000376
382,Gorseinon,51.669543,-4.041545000000042
383,Gosport,50.794995,-1.1175470000000587
384,Gourock,55.9591984,-4.8168799000000035
385,Grange over Sands,54.191009,-2.9106879999999364
386,Grangemouth,56.0097152,-3.7227698000000373
387,Grantham,52.912524,-0.6435820000000376
388,Grantown on Spey,57.33041,-3.6096279999999297
389,Gravesend,51.44188399999999,0.37075900000002093
390,Grays,51.4784037,0.32301510000002054
391,Great Yarmouth,52.598233,1.7280470000000605
392,Greenock,55.95647599999999,-4.771982999999977
393,Grimsby,53.567471,-0.0807839999999942
394,Guildford,51.23622,-0.5704090000000406
395,Haddington,55.95867399999999,-2.7748639999999796
396,Hadleigh,52.0450779,0.95264700000007
397,Hailsham,50.864612,0.2552339999999731
398,Halesowen,52.449845,-2.0505259999999907
399,Halesworth,52.343264,1.5026420000000371
400,Halifax,53.72702,-1.8575399999999718
401,Halstead,51.945073,0.6390320000000429
402,Haltwhistle,54.972237,-2.4608560000000352
403,Hamilton,55.77763299999999,-4.053678999999988
404,Harlow,51.767787,0.0878060000000005
405,Harpenden,51.81845999999999,-0.35895300000004227
406,Harrogate,53.99212,-1.5418119999999362
407,Hartlepool,54.691745,-1.2129260000000386
408,Harwich,51.934731,1.2602970000000369
409,Haslemere,51.090856,-0.7133730000000469
410,Hastings,50.854259,0.5734529999999722
411,Hatfield,51.763366,-0.2230899999999565
412,Havant,50.8518324,-0.9847131999999874
413,Haverfordwest,51.800475,-4.971318999999994
414,Haverhill,52.082766,0.4409450000000561
415,Hawarden,53.18569,-3.029807500000061
416,Hawick,55.42706,-2.780913999999939
417,Hay on Wye,52.075697,-3.1259079999999813
418,Hayle,50.185467,-5.420910000000049
419,Haywards Heath,50.999041,-0.1063329999999496
420,Heanor,53.013807,-1.3537699999999404
421,Heathfield,50.9667401,0.2564428000000589
422,Hebden Bridge,53.74330399999999,-2.0130209999999806
423,Helensburgh,56.002318,-4.734014000000002
424,Helston,50.101593,-5.274995999999987
425,Hemel Hempstead,51.753241,-0.44863199999997505
426,Henley on Thames,51.535764,-0.9028940000000603
427,Hereford,52.05639799999999,-2.71597399999996
428,Herne Bay,51.370922,1.1277709999999388
429,Hertford,51.795756,-0.08115699999996195
430,Hessle,53.723805,-0.4348579999999629
431,Heswall,53.3284285,-3.098730400000022
432,Hexham,54.972665,-2.112143899999978
433,High Wycombe,51.628611,-0.7482290000000376
434,Higham Ferrers,52.307374,-0.5928409000000556
435,Highworth,51.632861,-1.710397999999941
436,Hinckley,52.5454549,-1.37666999999999
437,Hitchin,51.94921,-0.2834139999999934
438,Hoddesdon,51.76000699999999,-0.015041999999994005
439,Holmfirth,53.571744,-1.786292000000003
440,Holsworthy,50.80921499999999,-4.353992999999946
441,Holyhead,53.309441,-4.633037999999942
442,Holywell,53.27600899999999,-3.22510299999999
443,Honiton,50.799468,-3.188682999999969
444,Horley,51.173516,-0.17210899999997764
445,Horncastle,53.207307,-0.11244999999996708
446,Hornsea,53.9104,-0.17395299999998315
447,Horsham,51.062883,-0.3258580000000393
448,Horwich,53.598398,-2.5547619999999824
449,Houghton le Spring,54.841016,-1.4686910000000353
450,Hove,50.8279319,-0.1687489999999343
451,Howden,53.745894,-0.8688769999999977
452,Hoylake,53.393238,-3.1762800999999854
453,Hucknall,53.034152,-1.2028900000000249
454,Huddersfield,53.645792,-1.7850349999999935
455,Hungerford,51.41234499999999,-1.5179950000000417
456,Hunstanton,52.9389139,0.49103200000001834
457,Huntingdon,52.33146,-0.18255199999998695
458,Huntly,57.445936,-2.7878058999999666
459,Hyde,53.452977,-2.082785999999942
460,Hythe,51.071739,1.081937000000039
461,Ilford,51.556619,0.07625099999995655
462,Ilfracombe,51.205163,-4.126761999999985
463,Ilkeston,52.970142,-1.3069779999999582
464,Ilkley,53.925486,-1.8228169999999864
465,Ilminster,50.928494,-2.9110620000000154
466,Innerleithen,55.624015,-3.0649120000000494
467,Inveraray,56.2309517,-5.077101800000037
468,Inverkeithing,56.030043,-3.3987950000000637
469,Inverness,57.477773,-4.224721000000045
470,Inverurie,57.28347400000001,-2.3739950000000363
471,Ipswich,52.056736,1.1482200000000375
472,Irthlingborough,52.32559999999999,-0.6130590000000211
473,Irvine,55.61156690000001,-4.669636399999945
474,Ivybridge,50.390202,-3.9204310000000078
475,Jarrow,54.980297,-1.4827569999999923
476,Jedburgh,55.477721,-2.5549369000000297
477,Johnstone,55.837324,-4.513914999999997
478,Keighley,53.867795,-1.9123580000000402
479,Keith,57.543094,-2.951526000000058
480,Kelso,55.600029,-2.432207000000062
481,Kempston,52.11791479999999,-0.4967914999999721
482,Kendal,54.32800599999999,-2.7462900000000445
483,Kenilworth,52.349557,-1.5807300000000168
484,Kesgrave,52.06256699999999,1.2339070000000447
485,Keswick,54.601276,-3.134706000000051
486,Kettering,52.396322,-0.730248999999958
487,Keynsham,51.415059,-2.502525999999989
488,Kidderminster,52.388596,-2.2496839000000364
489,Kilbarchan,55.838112,-4.554188999999951
490,Kilkeel,54.0631154,-6.007004000000052
491,Killyleagh,54.3999861,-5.650795399999993
492,Kilmarnock,55.614719,-4.49879199999998
493,Kilwinning,55.65591999999999,-4.70311700000002
494,Kinghorn,56.071231,-3.1743289999999433
495,Kingsbridge,50.283948,-3.7774930000000495
496,Kington,52.203742,-3.029047999999989
497,Kingussie,57.081409,-4.054468000000043
498,Kinross,56.206132,-3.422900000000027
499,Kintore,57.233247,-2.346088000000009
500,Kirkby,53.48121,-2.891012000000046
501,Kirkby Lonsdale,54.204919,-2.6017100000000255
502,Kirkcaldy,56.1168249,-3.1581370000000106
503,Kirkcudbright,54.83756899999999,-4.048779999999965
504,Kirkham,53.78216399999999,-2.871764999999982
505,Kirkwall,58.98467400000001,-2.962248999999929
506,Kirriemuir,56.675117,-3.0035010000000284
507,Knaresborough,54.011022,-1.4710199999999531
508,Knighton,52.341009,-3.046970999999985
509,Knutsford,53.3005939,-2.371833000000038
510,Ladybank,56.280831,-3.1267100000000028
511,Lampeter,52.112903,-4.07850899999994
512,Lanark,55.673865,-3.7821380000000318
513,Lancaster,54.046575,-2.8007399000000532
514,Langholm,55.153062,-2.998913000000016
515,Largs,55.79333500000001,-4.867277999999942
516,Larne,54.8578003,-5.8236223999999766
517,Laugharne,51.769203,-4.464251999999988
518,Launceston,50.640134,-4.358558000000016
519,Laurencekirk,56.831345,-2.472517000000039
520,Leamington Spa,52.2851905,-1.520078900000044
521,Leatherhead,51.29640699999999,-0.33112000000005537
522,Ledbury,52.033882,-2.4235740000000305
523,Leeds,53.8007554,-1.5490773999999874
524,Leek,53.10915199999999,-2.023392999999942
525,Leicester,52.6368778,-1.1397591999999577
526,Leighton Buzzard,51.9196839,-0.6606570000000147
527,Leiston,52.209044,1.5740799999999808
528,Leominster,52.2257,-2.742772000000059
529,Lerwick,60.1529871,-1.1492931999999882
530,Letchworth,51.979074,-0.22662400000001526
531,Leven,56.19632,-2.9965779999999995
532,Lewes,50.87387200000001,0.008780000000001564
533,Leyland,53.697931,-2.69547799999998
534,Lichfield,52.681602,-1.831672000000026
535,Limavady,55.0454563,-6.933675799999946
536,Lincoln,53.230688,-0.5405789999999797
537,Linlithgow,55.9716266,-3.602584699999966
538,Lisburn,54.516246,-6.058010599999989
539,Liskeard,50.45552,-4.464719000000059
540,Lisnaskea,54.2528935,-7.4428695999999945
541,Littlehampton,50.811057,-0.538660899999968
542,Liverpool,53.4083714,-2.9915726000000404
543,Llandeilo,51.88469,-3.9914300000000367
544,Llandovery,51.997395,-3.7975079999999934
545,Llandrindod Wells,52.24169999999999,-3.377742000000012
546,Llandudno,53.324061,-3.8276089999999385
547,Llanelli,51.680886,-4.160248000000024
548,Llanfyllin,52.76623499999999,-3.275786000000039
549,Llangollen,52.969215,-3.1716599999999744
550,Llanidloes,52.44779399999999,-3.5401950000000397
551,Llanrwst,53.137033,-3.7957320000000436
552,Llantrisant,51.5429188,-3.374952500000063
553,Llantwit Major,51.409259,-3.485245999999961
554,Llanwrtyd Wells,52.107586,-3.6374270000000024
555,Loanhead,55.876406,-3.1493540000000166
556,Lochgilphead,56.03829200000001,-5.432344999999941
557,Lockerbie,55.12224500000001,-3.349008000000026
558,Londonderry,54.9966124,-7.308574799999974
559,Long Eaton,52.898446,-1.2697779999999739
560,Longridge,53.831915,-2.598801999999978
561,Looe,50.3562269,-4.455232000000024
562,Lossiemouth,57.72157899999999,-3.280324999999948
563,Lostwithiel,50.406021,-4.675067899999931
564,Loughborough,52.772099,-1.2061659999999392
565,Loughton,51.655942,0.06816100000003189
566,Louth,53.365962,-0.007710999999972046
567,Lowestoft,52.48113799999999,1.753449000000046
568,Ludlow,52.367749,-2.7139128999999684
569,Lurgan,54.4635261,-6.334550600000057
570,Luton,51.8786707,-0.4200255000000652
571,Lutterworth,52.45599499999999,-1.1991590000000087
572,Lydd,50.950945,0.9065891999999849
573,Lydney,51.72913,-2.5305040000000645
574,Lyme Regis,50.725156,-2.9366390000000138
575,Lymington,50.758531,-1.5419099000000642
576,Lynton,51.2296539,-3.8401020000000017
577,Mablethorpe,53.34088200000001,0.2610710000000154
578,Macclesfield,53.258663,-2.1192869999999857
579,Machynlleth,52.590273,-3.853484999999978
580,Maesteg,51.60856200000001,-3.660466000000042
581,Magherafelt,54.75537300000001,-6.60798049999994
582,Maidenhead,51.522414,-0.7219000000000051
583,Maidstone,51.270363,0.5226989999999887
584,Maldon,51.73180499999999,0.6714480000000549
585,Malmesbury,51.586357,-2.10283400000003
586,Malton,54.136836,-0.7978970000000345
587,Malvern,52.1366184,-2.3199773999999707
588,Manchester,53.4807593,-2.2426305000000184
589,Manningtree,51.945407,1.062086000000022
590,Mansfield,53.147195,-1.1986739999999827
591,March,52.551716,0.08862199999998666
592,Margate,51.38964600000001,1.386833900000056
593,Market Deeping,52.6795904,-0.3216218000000026
594,Market Drayton,52.903552,-2.4834849999999733
595,Market Harborough,52.475769,-0.9215169999999944
596,Market Rasen,53.387762,-0.33328499999993255
597,Market Weighton,53.8648392,-0.6677465000000211
598,Markethill,54.2969635,-6.521738300000038
599,Markinch,56.203595,-3.1317688999999973
600,Marlborough,51.420073,-1.7270619999999326
601,Marlow,51.5719443,-0.7769422000000077
602,Maryport,54.714441,-3.4949400000000423
603,Matlock,53.137156,-1.551774000000023
604,Maybole,55.35302,-4.679055000000062
605,Melksham,51.370447,-2.137629000000061
606,Melrose,55.598676,-2.72190999999998
607,Melton Mowbray,52.766404,-0.8871259999999666
608,Merthyr Tydfil,51.74872999999999,-3.381646000000046
609,Mexborough,53.493099,-1.2804519999999684
610,Middleham,54.285318,-1.8056301000000303
611,Middlesbrough,54.574227,-1.234956000000011
612,Middlewich,53.19256499999999,-2.4438330000000406
613,Midhurst,50.9868979,-0.7372740000000704
614,Midsomer Norton,51.285199,-2.485936000000038
615,Milford Haven,51.714306,-5.042696999999976
616,Milngavie,55.943304,-4.31698700000004
617,Milton Keynes,52.0406224,-0.7594171000000642
618,Minehead,51.20428,-3.4811520000000655
619,Moffat,55.33520799999999,-3.4403369999999995
620,Mold,53.167203,-3.1419029999999566
621,Monifieth,56.480177,-2.81928199999993
622,Monmouth,51.8116533,-2.7163044999999784
623,Montgomery,52.56279,-3.149330999999961
624,Montrose,56.706922,-2.466114999999945
625,Morecambe,54.074166,-2.864967999999976
626,Moreton in Marsh,51.9914181,-1.7028526000000284
627,Moretonhampstead,50.659678,-3.767892999999958
628,Morley,53.744513,-1.5980449999999564
629,Morpeth,55.16875,-1.6874930000000177
630,Motherwell,55.78320919999999,-3.981096799999932
631,Musselburgh,55.941941,-3.053918000000067
632,Nailsea,51.43175600000001,-2.7562869999999293
633,Nailsworth,51.693878,-2.2162929999999506
634,Nairn,57.58642200000001,-3.8684749999999894
635,Nantwich,53.06718499999999,-2.5241019999999708
636,Narberth,51.799763,-4.744008000000008
637,Neath,51.656991,-3.8054759999999987
638,Needham Market,52.155608,1.049566000000027
639,Neston,53.290584,-3.06910199999993
640,New Mills,53.3678916,-2.0047713999999814
641,New Milton,50.7531235,-1.6550806000000193
642,Newbury,51.401409,-1.323113899999953
643,Newcastle Emlyn,52.037442,-4.468710999999985
644,Newcastle upon Tyne,54.978252,-1.6177800000000389
645,Newcastle,54.978252,-1.6177800000000389
646,Newent,51.929281,-2.404578000000015
647,Newhaven,50.79307000000001,0.04557399999998779
648,Newmarket,52.24487999999999,0.4079619999999977
649,Newport Pagnell,52.084585,-0.7345829999999296
650,Newport,51.584151,-2.997663999999986
651,Newport on Tay,56.440473,-2.9407320000000254
652,Newquay,50.41549699999999,-5.073718999999983
653,Newry,54.1751024,-6.34022989999994
654,Newton Abbot,50.52890499999999,-3.608359999999948
655,Newton Aycliffe,54.61598799999999,-1.5755770000000666
656,Newton Stewart,54.96029900000001,-4.483163999999988
657,Newton le Willows,53.452889,-2.6350800000000163
658,Newtown,52.51211199999999,-3.3131060000000616
659,Newtownabbey,54.685279,-5.9645024999999805
660,Newtownards,54.5913787,-5.69317030000002
661,Normanton,53.700876,-1.4171479999999974
662,North Berwick,56.058363,-2.7196460000000116
663,North Walsham,52.822699,1.3859729000000698
664,Northallerton,54.337961,-1.4299590000000535
665,Northampton,52.240477,-0.902655999999979
666,Northwich,53.25868029999999,-2.5181321000000025
667,Norwich,52.6308859,1.2973550000000387
668,Nottingham,52.95478319999999,-1.1581085999999914
669,Nuneaton,52.520489,-1.4653819999999769
670,Oakham,52.6695629,-0.7266250000000127
671,Oban,56.415157,-5.471046999999999
672,Okehampton,50.738308,-4.004263000000037
673,Oldbury,52.504923,-2.01590699999997
674,Oldham,53.5409298,-2.11136590000001
675,Oldmeldrum,57.33513800000001,-2.321806000000038
676,Olney,52.15473799999999,-0.7013779000000113
677,Omagh,54.5977149,-7.3099595999999565
678,Ormskirk,53.568935,-2.8850569999999607
679,Orpington,51.374843,0.09421399999996538
680,Ossett,53.681091,-1.578877000000034
681,Oswestry,52.857148,-3.056412000000023
682,Otley,53.905825,-1.6917859999999791
683,Oundle,52.48084069999999,-0.4687516000000187
684,Oxford,51.7520209,-1.2577263000000585
685,Padstow,50.54206199999999,-4.939017000000035
686,Paignton,50.43508,-3.5642350000000533
687,Painswick,51.7871669,-2.193555999999944
688,Paisley,55.847258,-4.440113999999994
689,Peebles,55.653071,-3.1936419999999544
690,Pembroke,51.674043,-4.908636999999999
691,Penarth,51.438798,-3.1735069999999723
692,Penicuik,55.830932,-3.224533000000065
693,Penistone,53.526141,-1.625532900000053
694,Penmaenmawr,53.266577,-3.9206500000000233
695,Penrith,54.664097,-2.752707999999984
696,Penryn,50.169173,-5.107087999999976
697,Penzance,50.118798,-5.537592000000018
698,Pershore,52.109994,-2.0748140000000603
699,Perth,56.394994,-3.4308379999999943
700,Peterborough,52.56949849999999,-0.2405298999999559
701,Peterhead,57.50812299999999,-1.7840659999999389
702,Peterlee,54.762441,-1.3289499999999634
703,Petersfield,51.007591,-0.9389899999999898
704,Petworth,50.9867009,-0.6107242000000497
705,Pickering,54.243925,-0.7775530000000117
706,Pitlochry,56.704361,-3.729710999999952
707,Pittenweem,56214,-2.732285000000047
708,Plymouth,50.3754565,-4.14265649999993
709,Pocklington,53.9300565,-0.7794059000000289
710,Polegate,50.824012,0.24381300000004558
711,Pontefract,53.691688,-1.3086479999999483
712,Pontypridd,51.60077399999999,-3.3423139999999876
713,Poole,50.71505,-1.9872480000000223
714,Port Talbot,51.5946799,-3.7840969999999743
715,Portadown,54.4203331,-6.454838699999982
716,Portaferry,54.38173519999999,-5.54698170000006
717,Porth,51.613554,-3.4071840000000293
718,Porthcawl,51.47896799999999,-3.7051629999999705
719,Porthmadog,52.927842,-4.133383999999978
720,Portishead,51.485155,-2.767947999999933
721,Portrush,55.2041945,-6.6526708999999755
722,Portsmouth,50.8197675,-1.0879769000000579
723,Portstewart,55.1868773,-6.717104100000029
724,Potters Bar,51.696636,-0.17594800000006217
725,Potton,52.12706600000001,-0.21519499999999425
726,Poulton le Fylde,53.843964,-2.9862809999999627
727,Prescot,53.428674,-2.8045640000000276
728,Prestatyn,53.336512,-3.4076129999999694
729,Presteigne,52.27203100000001,-3.005157000000054
730,Preston,53.763201,-2.7030899999999747
731,Prestwick,55.495587,-4.6142138999999815
732,Princes Risborough,51.724376,-0.8345180000000028
733,Prudhoe,54.962199,-1.8472299999999677
734,Pudsey,53.795766,-1.6761082000000442
735,Pwllheli,52.888816,-4.417633900000055
736,Ramsgate,51.335545,1.4198949999999968
737,Randalstown,54.75005179999999,-6.32027400000004
738,Rayleigh,51.586385,0.6048710000000028
739,Reading,51.4542645,-0.9781302999999753
740,Redcar,54.5974636,-1.0779515000000401
741,Redditch,52.30897,-1.9409359999999651
742,Redhill,51.239208,-0.16988000000003467
743,Redruth,50.233022,-5.226666000000023
744,Reigate,51.237276,-0.20588299999997162
745,Retford,53.32135599999999,-0.9455030000000306
746,Rhayader,52.301537,-3.510640999999964
747,Rhuddlan,53.291911,-3.468319000000065
748,Rhyl,53.31914099999999,-3.4916339999999764
749,Richmond,51.46131099999999,-0.3037420000000566
750,Rickmansworth,51.638763,-0.474130999999943
751,Ringwood,50.844949,-1.7888169999999946
752,Ripley,53.05281900000001,-1.4057920000000195
753,Ripon,54.1361346,-1.5237756000000218
754,Rochdale,53.6097136,-2.1561000000000377
755,Rochester,51.38800000000001,0.5067209999999704
756,Rochford,51.582071,0.7065149999999676
757,Romford,51.577076,0.17831899999998768
758,Romsey,50.98893,-1.4965799999999945
759,Ross on Wye,51.91445,-2.5824460000000045
760,Rostrevor,54.10073,-6.200399999999945
761,Rothbury,55.310464,-1.909546999999975
762,Rotherham,53.4326035,-1.3635008999999627
763,Rothesay,55.835963,-5.055792999999994
764,Rowley Regis,52.488674,-2.046084999999948
765,Royston,52.048142,-0.024065999999947962
766,Rugby,52.370878,-1.2650320000000193
767,Rugeley,52.761515,-1.935967000000005
768,Runcorn,53.342078,-2.729673000000048
769,Rushden,52.289125,-0.6003630000000157
770,Rutherglen,55.828972,-4.22426889999997
771,Ruthin,53.114725,-3.3108740000000125
772,Ryde,50.729952,-1.163281999999981
773,Rye,50.949708,0.737259999999992
774,Saffron Walden,52.022593,0.23921500000005835
775,Saintfield,54.4601231,-5.836099900000022
776,Salcombe,50.23758,-3.769790999999941
777,Sale,53.42556099999999,-2.3237020000000257
778,Salford,53.48752349999999,-2.290126399999963
779,Salisbury,51.068785,-1.7944720000000416
780,Saltash,50.40920999999999,-4.216429999999946
781,Saltcoats,55.637652,-4.78348989999995
782,Sandbach,53.146561,-2.3673820000000205
783,Sandhurst,51.3462419,-0.8042679999999791
784,Sandown,50.659079,-1.1493970000000218
785,Sandwich,51.274017,1.3374269999999342
786,Sandy,52.128118,-0.2867880000000014
787,Sawbridgeworth,51.81554,0.14720999999997275
788,Saxmundham,52.215855,1.4880560000000287
789,Scarborough,54.283113,-0.39975200000003497
790,Scunthorpe,53.588646,-0.6544129999999768
791,Seaford,50.7734669,0.10110800000006748
792,Seaton,50.70531339999999,-3.0718733999999586
793,Sedgefield,54.6594559,-1.4516576999999415
794,Selby,53.78352400000001,-1.0671889999999848
795,Selkirk,55.550658,-2.8385240000000067
796,Selsey,50.730991,-0.7937039999999342
797,Settle,54.06824599999999,-2.2776549999999816
798,Sevenoaks,51.27241000000001,0.19089800000006107
799,Shaftesbury,51.0046,-2.198082999999997
800,Shanklin,50.63467499999999,-1.1751990000000205
801,Sheerness,51.44011,0.7641579999999522
802,Sheffield,53.38112899999999,-1.47008500000004
803,Shepshed,52.7701009,-1.2924269999999751
804,Shepton Mallet,51.1909,-2.5478860000000623
805,Sherborne,50.947822,-2.5144828999999618
806,Sheringham,52.94442100000001,1.210958900000037
807,Shildon,54.63341699999999,-1.65491499999996
808,Shipston on Stour,52.0606549,-1.6228140000000622
809,Shoreham by Sea,50.8342086,-0.27155579999998736
810,Shrewsbury,52.70730289999999,-2.7553268000000344
811,Sidmouth,50.67865,-3.2375600000000304
812,Sittingbourne,51.340402,0.7315959999999677
813,Skegness,53.146403,0.3378810000000385
814,Skelmersdale,53.5503519,-2.7763700000000426
815,Skipton,53.9628495,-2.01627869999993
816,Sleaford,53.0003079,-0.409650000000056
817,Slough,51.51053839999999,-0.5950405999999475
818,Smethwick,52.492401,-1.965206999999964
819,Soham,52.335212,0.3375078999999914
820,Solihull,52.411811,-1.7776099999999815
821,Somerton,51.0551109,-2.733788000000004
822,South Molton,51.016818,-3.8321190000000342
823,South Shields,54.999424,-1.427406000000019
824,South Woodham Ferrers,51.6465,0.6146650000000591
825,Southam,52.2505049,-1.3897190000000137
826,Southampton,50.90970040000001,-1.404350900000054
827,Southborough,51.1600204,0.25763259999996535
828,Southend on Sea,51.5459269,0.7077123000000256
829,Southport,53.645708,-3.0101130000000467
830,Southsea,50.783565,-1.0855589999999893
831,Southwell,53.079044,-0.9599210000000085
832,Southwold,52.32562799999999,1.6801809999999477
833,Spalding,52.79010160000001,-0.15370239999992918
834,Spennymoor,54.69772099999999,-1.585519999999974
835,Spilsby,53.174675,0.09143990000006852
836,Stafford,52.806693,-2.1206600000000435
837,Staines,51.43148,-0.5155250000000251
838,Stamford,52.65128199999999,-0.4802160000000413
839,Stanley,54.868948,-1.6988410000000158
840,Staveley,54.377897,-2.8176770000000033
841,Stevenage,51.903761,-0.19661199999995915
842,Stirling,56.1165227,-3.93690289999995
843,Stockport,53.41063159999999,-2.157533199999989
844,Stockton on Tees,54.5704551,-1.328982099999962
845,Stoke on Trent,53.002668,-2.179403999999977
846,Stone,52.907932,-2.1440450000000055
847,Stowmarket,52.188902,0.9977119999999786
848,Strabane,54.8273865,-7.463310299999989
849,Stranraer,54.903367,-5.024054999999976
850,Stratford upon Avon,52.19173,-1.7082980000000134
851,Strood,51.3932587,0.47534399999995003
852,Stroud,51.745734,-2.2177580000000034
853,Sudbury,52.041047,0.7267060000000356
854,Sunderland,54.906869,-1.3838009999999485
855,Sutton Coldfield,52.57038499999999,-1.824041999999963
856,Sutton in Ashfield,53.126933,-1.2625040000000354
857,Swadlincote,52.771318,-1.5549969999999576
858,Swanage,50.608277,-1.9607690000000275
859,Swanley,51.396531,0.17732599999999366
860,Swansea,51.62144,-3.9436459999999443
861,Swindon,51.55577390000001,-1.7797176000000263
862,Tadcaster,53.883551,-1.2608890000000201
863,Tadley,51.343801,-1.1321689999999762
864,Tain,57.811501,-4.055229999999938
865,Talgarth,51.995873,-3.2323260000000573
866,Tamworth,52.633584,-1.6910319999999501
867,Taunton,51.015344,-3.106849000000011
868,Tavistock,50.5511229,-4.141654000000017
869,Teignmouth,50.54703300000001,-3.496687999999949
870,Telford,52.678419,-2.445257999999967
871,Tenby,51.672738,-4.703578999999991
872,Tenterden,51.069358,0.6891219999999976
873,Tetbury,51.639295,-2.1581800000000158
874,Tewkesbury,51.992265,-2.1579600000000028
875,Thame,51.746997,-0.9741880000000265
876,Thatcham,51.40580500000001,-1.2664680000000317
877,Thaxted,51.9532618,0.34461829999997917
878,Thetford,52.412856,0.7516570000000229
879,Thirsk,54.233849,-1.3413769999999658
880,Thornbury,51.608306,-2.5251530000000457
881,Thrapston,52.394588,-0.5358589999999595
882,Thurso,58.593566,-3.52207999999996
883,Tilbury,51.463024,0.36049800000000687
884,Tillicoultry,56.153916,-3.740211000000045
885,Tipton,52.52625,-2.066057999999998
886,Tiverton,50.902049,-3.4912070000000313
887,Tobermory,56.6227813,-6.072300400000017
888,Todmorden,53.716344,-2.098796900000025
889,Tonbridge,51.195043,0.27567999999996573
890,Torpoint,50.37529,-4.194344000000001
891,Torquay,50.4619209,-3.5253149999999778
892,Totnes,50.433741,-3.6857969999999796
893,Totton,50.9141239,-1.4985934000000043
894,Towcester,52.135107,-0.989688000000001
895,Tredegar,51.772619,-3.2467750000000706
896,Tregaron,52.2199979,-3.9343850000000202
897,Tring,51.79607799999999,-0.6558790000000272
898,Troon,55.541332,-4.659947999999986
899,Trowbridge,51.319664,-2.2088529999999764
900,Truro,50.263195,-5.051040999999941
901,Tunbridge Wells,51.132377,0.26369499999998425
902,Tywyn,52.587006,-4.087248999999929
903,Uckfield,50.966414,0.09591299999999592
904,Ulverston,54.195138,-3.0926699999999983
905,Uppingham,52.59122499999999,-0.7184839999999895
906,Usk,51.703533,-2.903404000000023
907,Uttoxeter,52.89811599999999,-1.8658010000000331
908,Ventnor,50.595484,-1.2060999999999922
909,Verwood,50.8789783,-1.8654487000000017
910,Wadebridge,50.516654,-4.836455999999998
911,Wadhurst,51.061756,0.33802000000002863
912,Wakefield,53.683298,-1.50592400000005
913,Wallasey,53.426521,-3.0662150000000565
914,Wallingford,51.5974177,-1.1335612999999967
915,Walsall,52.586214,-1.982919000000038
916,Waltham Abbey,51.685034,0.002723000000059983
917,Waltham Cross,51.68584389999999,-0.03309639999997671
918,Walton on Thames,51.38847,-0.4169689999999946
919,Walton on the Naze,51.848186,1.2677360000000135
920,Wantage,51.588868,-1.4264530000000377
921,Ware,51.810437,-0.028177000000027874
922,Wareham,50.687817,-2.110981000000038
923,Warminster,51.204629,-2.1810780000000705
924,Warrenpoint,54.105301,-6.252077800000052
925,Warrington,53.3900441,-2.596950099999958
926,Warwick,52.28231599999999,-1.5849269999999933
927,Washington,54.89743199999999,-1.5173660000000382
928,Watford,51.656489,-0.39031999999997424
929,Wednesbury,52.552888,-2.02207999999996
930,Wednesfield,52.59625699999999,-2.083409999999958
931,Wellingborough,52.302419,-0.6939640000000509
932,Wellington,50.978564,-3.2244988999999578
933,Wells next the Sea,52.954641,0.8489270000000033
934,Wells,51.209347,-2.644597900000008
935,Welshpool,52.660348,-3.1464069999999538
936,Welwyn Garden City,51.8031689,-0.20866100000000642
937,Wem,52.853637,-2.7267120000000205
938,Wendover,51.761877,-0.7397789999999986
939,West Bromwich,52.517664,-1.9951590000000579
940,Westbury,51.256659,-2.1857720000000427
941,Westerham,51.266969,0.07182699999998476
942,Westhoughton,53.54896,-2.5258810000000267
943,Weston super Mare,51.34740499999999,-2.9772550000000138
944,Wetherby,53.92705600000001,-1.3848160000000007
945,Weybridge,51.3716269,-0.457903999999985
946,Weymouth,50.6144279,-2.4576210000000174
947,Whaley Bridge,53.3298746,-1.9841742999999497
948,Whitby,54.486335,-0.6133469999999761
949,Whitchurch,52.968716,-2.6820450000000164
950,Whitehaven,54.549699,-3.5892330000000356
951,Whitley Bay,55.046389,-1.4512988999999834
952,Whitnash,52.2638136,-1.5201032999999597
953,Whitstable,51.361047,1.0242560000000367
954,Whitworth,53.660416,-2.1724779999999555
955,Wick,58.438936,-3.093715999999972
956,Wickford,51.611309,0.5206799999999703
957,Widnes,53.361024,-2.7336370000000443
958,Wigan,53.5450645,-2.6325074000000086
959,Wigston,52.5863179,-1.106353899999931
960,Wigtown,54.867159,-4.444234000000051
961,Willenhall,52.585017,-2.0576350000000048
962,Wincanton,51.055688,-2.416007000000036
963,Winchester,51.059771,-1.3101420000000417
964,Windermere,54.380685,-2.9067850000000135
965,Winsford,53.19426199999999,-2.519670000000019
966,Winslow,51.944859,-0.878737000000001
967,Wisbech,52.666317,0.1587970000000496
968,Witham,51.7978049,0.637217899999996
969,Withernsea,53.73125599999999,0.032889000000068336
970,Witney,51.7859365,-1.4850543999999672
971,Woburn,51.987703,-0.6209208999999873
972,Woking,51.316774,-0.5600349000000051
973,Wokingham,51.410457,-0.8338610000000699
974,Wolverhampton,52.586973,-2.128820000000019
975,Wombwell,53.521016,-1.3993189999999913
976,Woodbridge,52.095481,1.3125709999999344
977,Woodstock,51.847267,-1.3540910000000395
978,Wootton Bassett,51.54139499999999,-1.9023180000000366
979,Worcester,52.193636,-2.22157500000003
980,Workington,54.643569,-3.542752000000064
981,Worksop,53.309302,-1.122745000000009
982,Worthing,50.81787,-0.37288200000000415
983,Wotton under Edge,51.63802500000001,-2.3512479999999414
984,Wrexham,53.04304,-2.992493999999965
985,Wymondham,52.569354,1.1153050000000349
986,Yarm,54.504523,-1.3547590000000582
987,Yarmouth,52.598233,1.7280470000000605
988,Yate,51.54158899999999,-2.4143229999999676
989,Yateley,51.3426285,-0.826272900000049
990,Yeadon,53.865153,-1.684203000000025
991,Yeovil,50.942061,-2.6333079999999427
992,York,53.95996510000001,-1.0872979000000669
